{"intents": [
        {"tag": "greeting",
         "patterns": ["Hi", "How are you", "Is anyone there?", "Hello", "Good day"],
         "responses": ["Hello, thanks for visiting", "Good to see you again", "Hi there, how can I help?"],
         "context_set": ""
        },
        {"tag": "goodbye",
         "patterns": ["Bye", "See you later", "Goodbye"],
         "responses": ["See you later, thanks for visiting", "Have a nice day", "Bye! Come back again soon."]
        },
        {"tag": "thanks",
         "patterns": ["Thanks", "Thank you", "That's helpful"],
         "responses": ["Happy to help!", "Any time!", "My pleasure"]
        },
        {"tag": "info",
         "patterns": ["What do you do?", "What are your features?", "How do you work?"],
         "responses": ["My name is MedBot. I’m an intelligent chatbot that helps you identify possible problems with your help. You can tell me what symptoms you’re feeling and I can help you narrow down to a list of possible conditions or diseases"]
        },
        {"tag": "identification",
         "patterns": ["I am feeling cold", "I have a headache", "I have difficulty doing walks", "I have problem of sleeping", "I can't work that well", "I'm unable to do anything", "I'm worried I have pneumonia", "I've got blood on my hands", "I have a headache", "my shoulder hurts", "my leg hurts", "my eyes hurt", "i have fever and cold", "i have tooth ache and acne", "i can't sleep", "i can't read", "i have difficulty breathing", "my hands are itching", "my throat is dry"],
         "responses": ["Hang on, let me think"]
        },
        {"tag": "report",
         "patterns": ["Can you help me with my reports?"],
         "responses": ["Hang on"],
         "tests": ["Blood Sugar Test","Haemoglobin Test"]
        },
        {"tag": "tests",
         "patterns": ["Blood Sugar Test","Haemoglobin Test"],
         "responses": ["Hang on"]
        },
        {
            "tag":"affirmative_yes",
            "patterns":["Yes", "yeah", "yup", "okay", "right", "yah","ya"],
            "responses":["Hang on"]
        },
        {
            "tag":"affirmative_no",
            "patterns":["No", "nope", "na", "not really", "not that"],
            "responses":["Hang on"]
        },
        {
            "tag":"first_one",
            "patterns":["First one","first","1","one"],
            "responses":["Hang on"]
        },
        {
            "tag":"second_one",
            "patterns":["second one","second","2","two"],
            "responses":["Hang on"]
        },
        {
            "tag":"third_one",
            "patterns":["third one","third","3","three"],
            "responses":["Hang on"]
        },
        {
            "tag":"first_second_one",
            "patterns":["first and second one","first,second","1 and 2","2 and 1","one, two"],
            "responses":["Hang on"]
        },
        {
            "tag":"first_third_one",
            "patterns":["first and third one","first,third","1 and 3","3 and 1","one, three"],
            "responses":["Hang on"]
        },
        {
            "tag":"second_third_one",
            "patterns":["second and third one","third,second","3 and 2","2 and 3","three, two"],
            "responses":["Hang on"]
        },
        {
            "tag":"both",
            "patterns":["both","both of them"],
            "responses":["Hang on"]
        },
        {
            "tag":"all",
            "patterns":["all of them","all"],
            "responses":["Hang on"]
        },
        {
            "tag":"close_state",
            "patterns":["that's all","that'll be all","that's enough","done", "finish","enough"],
            "responses":["Hang on"]
        }

   ]
}