ear-discharge,/health/ear-discharge
earache,/health/earache
early-satiety,/health/satiety-early
echolalia,/health/echolalia
edema,/health/edema
elbow-pain-and-disorders,/health/elbow-pain
erectile-dysfunction-overview,/health/erectile-dysfunction
erection-problems,/health/erection-problems
eschar,/health/eschar
excessive-or-unwanted-hair-in-women,/health/excessive-or-unwanted-hair-in-women
excessive-thirst,/health/thirst-excessive
excessive-urination-volume-(polyuria),/health/urination-excessive-volume
excessive-urination-at-night-(nocturia),/health/urination-excessive-at-night
external-eyelid-stye-(hordeolum-externum),/health/eyelid-bump
eye-burning-accompanied-by-itching-and-discharge,/health/eye-burning-itching-and-discharge
eye-floaters,/health/eye-floaters
eye-pain,/health/eye-pain
eye-redness,/health/eye-redness
eyelid-twitch,/health/eyelid-twitch
hair-loss,/health/hair-loss
hallucinations,/health/hallucinations
hand-numbness,/health/hand-numbness
hand-numbness,/hlc/hand-numbness
hazy-vision,/hlc/hazy-vision
headache,/health/headache
hearing-loss,/health/hearing-loss
hearing-loss-on-one-side,/hlc/hearing-loss-on-one-side
heart-murmurs-and-other-sounds,/health/heart-murmurs-and-other-sounds
heart-palpitations,/health/heart-palpitations
heart-rate-altered,/hlc/heart-rate-altered
heartburn,/health/heartburn
heat-intolerance,/health/heat-intolerance
"heavy,-prolonged,-or-irregular-menstrual-periods",/health/menstrual-periods-heavy-prolonged-or-irregular
heel-pain,/health/heel-pain
hemifacial-microsomia,/health/hemifacial-microsomia
hiccups,/health/hiccups
change-in-bowel-habits,/hlc/change-in-bowel-habits
high-blood-pressure-overview,/health/high-blood-pressure-hypertension
high-pitched-breath-sounds,/hlc/high-pitched-breath-sounds
hip-pain,/health/hip-pain
chapped-lips,/health/chapped-lips
charley-horse,/health/charley-horse
chest-pain,/health/chest-pain
chills,/health/chills
choking-adult-or-child-over-1-year,/health/choking-adult-or-child-over-1-year
chorea,/health/chorea
hip-stiff,/hlc/hip-stiff
hives,/health/hives
hoarseness,/health/hoarseness
hot-flashes,/health/menopause/hot-flashes
hump-behind-the-shoulders,/health/hump-behind-the-shoulders
hyperactivity,/health/hyperactivity
hyperelastic-skin,/health/hyperelastic-skin
gas-&-flatulence,/health/gas-flatulence
abdominal-pain,/health/abdominal-pain
back-pain,/galecontent/back-pain/2#causesandsymptoms
clammy-skin,/health/skin-clammy
claw-foot,/health/claw-foot
claw-hand,/health/claw-hand
cleft-palate-and-lip,/health/cleft-lip-and-palate
clubbing-of-the-fingers-or-toes,/health/clubbing-of-the-fingers-or-toes
clubfoot,/health/clubfoot
clumsiness,/health/clumsiness
coffee-ground-vomitus,/hlc/coffee-ground-vomitus
cold-intolerance,/health/cold-intolerance
hypermobile-joints,/health/hypermobile-joints
hyperventilation,/health/hyperventilation
hypotension,/health/hypotension
hypothermia,/health/hypothermia
hypotonia,/health/hypotonia
gastrointestinal-bleeding,/health/gastrointestinal-bleeding
generalized-tonic-clonic-seizure,/health/generalized-tonic-clonic-seizure
goiter,/health/goiter-simple
gram-stain-of-urethral-discharge,/health/gram-stain-of-urethral-discharge
groin-lump,/health/groin-lump
blood-in-stool,/health/bloody-or-tarry-stools
chest-pain,/health/chest-pain
cough,/health/cough
dark-urine,/health/dark-urine
diarrhea,/health/diarrhea
dizziness,/health/dizziness
fatigue,/health/fatigue
fever,/health/fever
frequent-urination,/health/frequent-or-urgent-urination
back-pain,/health/back-pain
cold-sores,/health/herpes-labialis
colic-and-crying,/health/colic-and-crying
colles'-wrist-fracture,/health/colles-wrist-fracture
color-blindness,/health/color-blindness
coma,/health/coma
communication-skills-and-disorders,/health/communication-skills-and-disorders
concussion,/health/concussion
confusion,/health/confusion
consciousness-decreased,/health/consciousness-decreased
dark-urine,/health/dark-urine
dark-colored-stools,/hlc/dark-colored-stools
aaah:-excessive-yawning,/health/yawning-excessive
abdomen-point-tenderness,/health/point-tenderness-abdomen
abdominal-bloating,/health/abdominal-bloating
groin-pain,/health/groin-pain
growth-retardation-(delayed-growth),/health/delayed-growth
guilt,/health/guilt
gas,/health/gas-flatulence
headache,/health/headache
joint-pain,/health/joint-pain
loss-of-appetite,/health/appetite-decreased
low-grade-fever,/health/fever
nausea,/health/nausea-and-vomiting
rash,/health/rashes
bad-breath-(halitosis),/health/bad-breath
bedwetting,/health/bedwetting
belching,/health/belching
binge-eating,/health/binge-eating
black-eye,/health/black-eye
black-eye,/hlc/black-eye
blackheads,/health/blackheads
constipation,/health/constipation
contracture-deformity,/health/contracture-deformity
"corpus-callosum,-agenesis",/health/corpus-callosum-agenesis
cough,/health/cough
dark-urine,/hlc/dark-urine
decreased-urine-output,/health/urine-output-decreased
deformity-of-spine,/health/deformity-of-spine
dehydration,/health/dehydration
delirium,/health/delirium
dementia-overview,/health/dementia
abdominal-mass,/health/abdominal-mass
abdominal-pain,/health/abdominal-pain
abdominal-rigidity,/health/abdominal-rigidity
"abdominal-distention,-gaseous",/hlc/abdominal-distention-gaseous
swollen-feet,/health/foot-leg-and-ankle-swelling
vaginal-discharge,/health/vaginal-discharge
impaired-sensation,/health/impaired-sensation
blanching-of-skin,/health/blanching-of-skin
blanching-of-skin,/hlc/blanching-of-skin
bleeding,/health/bleeding
bleeding-gums,/health/bleeding-gums
bleeding-into-the-skin,/health/bleeding-into-the-skin
coughing-up-blood,/health/coughing-up-blood
cuts-and-puncture-wounds,/health/cuts-and-puncture-wounds
cyst,/health/cyst
depression-overview,/health/depression
dermatitis,/health/contact-dermatitis
developmental-delay,/health/developmental-delay
diaper-rash,/health/diaper-rash
diarrhea,/health/diarrhea
difficulty-breathing-when-lying-down,/health/breathing-difficulty-lying-down
abnormal-heart-rhythms,/health/abnormal-heart-rhythms
abnormally-colored-urine,/health/urine-abnormal-color
acne,/health/skin/acne
adult-speech-impairment,/health/speech-impairment-adult
aggressive-behavior,/health/aggressive-behavior
vertigo,/adamcontent/vertigo-associated-disorders
impaired-smell,/health/smell-impaired
impaired-taste,/health/taste-impaired
impaired-sensation,/hlc/impaired-sensation
increased-appetite,/health/appetite-increased
indifferent-mood,/health/affective-disorders
indigestion,/health/indigestion
infertility,/health/infertility
intercostal-retractions,/health/intercostal-retractions
irritability,/health/irritability
itching,/health/itching
blisters,/health/blisters
blood-tinged-sputum,/health/blood-tinged-sputum
blood-in-the-semen,/health/blood-in-the-semen
blood-tinged-sputum,/hlc/blood-tinged-sputum
difficulty-with-urination-flow,/health/urination-difficulty-with-flow
disorder-of-sleep-wake-cycle,/health/irregular-sleep-wake-syndrome
disorientation,/hlc/disorientation
dizziness,/health/dizziness
aging-changes-in-the-breast,/health/aging-changes-in-the-breast
agitation,/health/agitation
agnosia,/health/agnosia
aimless-movement,/hlc/aimless-movement
amenorrhea,/health/amenorrhea
anemia,/health/anemia
anisocoria,/health/anisocoria
bloody-or-tarry-stools,/health/bloody-or-tarry-stools
blue-fingernails,/hlc/blue-fingernails
blue-lips,/hlc/blue-lips
bluish-skin-discoloration,/health/skin-discoloration-bluish
drooling,/health/drooling
drowsiness,/health/drowsiness
drug-abuse,/health/drug-abuse
dry-eyes,/health/dry-eyes
dry-hair,/health/dry-hair
ankle-pain,/health/ankle-pain
anosmia,/health/anosmia
anxiety,/health/anxiety
aphasia,/health/aphasia
arm-pain,/hlc/arm-pain
aversion-to-food-or-drink,/hlc/aversion-to-food-or-drink
blurred-vision,/health/hazy-vision
boil-(furuncle),/health/furuncle
bone-pain,/health/bone-pain
bone-pain-or-tenderness,/health/bone-pain-or-tenderness
bounding-pulse,/health/pulse-bounding
bowel-incontinence,/health/bowel-incontinence
dry-mouth,/health/dental-oral-health-dry-mouth
dry-skin,/health/dry-skin
dysarthria,/health/dysarthria
dysfunctional-uterine-bleeding-(dub),/health/dysfunctional-uterine-bleeding-dub
dyspareunia,/health/dyspareunia
breast-enlargement-in-men-(gynecomastia),/health/gynecomastia
breast-lump,/health/breast-lump
breast-pain,/health/breast-pain
breathing-difficulties,/health/breathing-difficulties
bruises,/health/bruise
bruises-easily,/health/bruises-easily
bulging-eyes,/health/eyes-bulging
bulging-fontanelles,/health/fontanelles-bulging
burning-sensation,/health/burning-sensation
bursitis,/health/bursitis
joint-pain,/health/joint-pain
joint-swelling,/health/joint-swelling
joints-warm,/hlc/joints-warm
keratosis-follicularis-(nail-abnormalities),/health/nail-abnormalities
knee-pain,/health/chronic-pain/knee-pain
kyphosis,/health/kyphosis
obesity,/health/obesity
ophthalmoplegia,/health/ophthalmoplegia
opisthotonos,/health/opisthotonos
labored-breathing,/health/labored-breathing
labored-breathing,/hlc/labored-breathing
lactose-intolerance,/health/lactose-intolerance
lazy-eye,/health/lazy-eye
leg-pain,/health/leg-pain
lethargy,/hlc/lethargy
lightheadedness,/hlc/lightheadedness
limited-range-of-motion,/health/limited-range-of-motion
lordosis,/health/lordosis
loss-of-appetite,/health/appetite-decreased
loss-of-vision-in-one-half-of-the-visual-field,/health/blindness
macrocephaly,/health/macrocephaly
macule,/health/macule
malaise,/health/malaise
mental-retardation,/health/mental-retardation
microcephaly,/health/microcephaly
micrognathia,/health/micrognathia
pain,/health/pain
pain-in-urethra,/health/pain-in-urethra
pain-in-urethra,/hlc/pain-in-urethra
painful-menstrual-periods,/health/painful-menstrual-periods
moist-skin,/hlc/moist-skin
morning-sickness,/health/morning-sickness
mouth-sores,/health/mouth-sores
mouth-ulcers,/health/mouth-ulcers
muscle-atrophy,/health/muscle-atrophy
muscle-cramps,/health/muscle-cramps
muscle-function-loss,/health/muscle-function-loss
muscle-pain,/health/pain-relief-muscle-pain
painful-urination,/health/urination-painful
painful-respiration,/hlc/painful-respiration
pale-or-clay-colored-stools,/health/stools-pale-or-clay-colored
paleness,/health/paleness
papule,/health/papule
paranoia,/health/paranoia
patchy-skin-color,/health/patchy-skin-color
pectus-excavatum,/health/pectus-excavatum
penis-pain,/health/penis-pain
perfectionism,/health/perfectionism
peripheral-cyanosis,/hlc/peripheral-cyanosis
muscle-stiffness,/hlc/muscle-stiffness
muscle-twitching,/health/muscle-twitching
muscle-weakness,/hlc/muscle-weakness
muscle-rigidity,/hlc/muscle-rigidity
photophobia,/health/photophobia
photosensitivity,/health/photosensitivity
pica,/health/pica
poor-balance,/health/balance-problems
poor-feeding-in-infants,/health/poor-feeding-in-infants
preterm-labor,/health/pregnancy/premature-rupture-membranes
problems-at-work,/hlc/problems-at-work
prognathism,/health/prognathism
pustules,/health/pustules
scaling-skin,/hlc/scaling-skin
sciatica,/health/sciatica
scoliosis,/health/scoliosis
scrotal-swelling,/health/scrotal-swelling
seizures,/health/seizures
separation-anxiety-disorder,/health/anxiety/separation-anxiety
seperated-sutures,/health/sutures-separated
shin-splints,/health/shin-splints
shock,/health/shock
short-stature,/health/short-stature
shortness-of-breath-on-exertion,/hlc/shortness-of-breath-on-exertion
shoulder-pain,/health/chronic-pain/shoulder-pain
shyness,/health/shyness
simian-crease,/health/simian-crease
sinus-infections-(sinusitis),/health/sinusitis
skeletal-limb-abnormalities,/health/skeletal-limb-abnormalities
skin-abscess,/health/skin-abscess
skin-blushing/flushing,/health/skin-blushing-flushing
skin-redness,/hlc/skin-redness
skull-fractures,/health/skull-fracture
sleep-paralysis,/health/sleep/isolated-sleep-paralysis
sleeping-difficulty,/health/sleeping-difficulty
sleeplessness,/health/insomnia
sleepwalking,/health/sleep/sleepwalking
slow-heart-rate,/health/slow-heart-rate
slow-heart-rate,/hlc/slow-heart-rate
sneezing,/health/sneezing
snoring,/health/snoring
sore-throat,/health/sore-throat
spasticity,/health/spasticity
splenomegaly,/health/splenomegaly
sprains-&-strains,/health/sprains-strains
standing-your-ground-with-flat-feet-(pes-planus),/health/pes-planus
stopped-breathing,/health/breathing-slowed-or-stopped
stress-incontinence,/health/stress-incontinence
stridor,/health/stridor
stupor,/hlc/stupor
suicide-and-suicidal-behavior,/health/suicide-and-suicidal-behavior
summer-is-so-much-better-without-the-cigs.,/hlc/summer-is-so-much-better-without-the-cigs
sunken-fontanelles,/health/fontanelles-sunken
swallowing-difficulty,/health/swallowing-difficulty
swelling,/health/swelling
swollen-abdomen,/health/abdomen-swollen
swollen-gums,/health/gums-swollen
swollen-lymph-nodes,/health/swollen-lymph-nodes
rapid-shallow-breathing,/health/rapid-shallow-breathing
rashes,/health/rashes
raynaud's-phenomenon,/health/raynauds-phenomenon
watery-eyes,/health/watery-eyes
weak-or-absent-pulse,/health/pulse-weak-or-absent
weakness,/health/weakness
webbing-of-the-fingers-or-toes,/health/webbing-of-the-fingers-or-toes
weight-loss,/health/weight-loss-unintentional
xanthoma,/health/xanthoma
rectal-bleeding,/hlc/rectal-bleeding
rectal-hemorrhage,/health/rectal-bleeding
repair-of-webbed-fingers-or-toes-(syndactyly),/health/repair-of-webbed-fingers-or-toes
rib-cage-pain,/health/rib-cage-pain
teeth-grinding,/health/dental-oral-health-bruxism
wheezing,/health/wheezing
wrist-pain,/health/wrist-pain
temper-tantrums,/health/temper-tantrums
tendinitis,/health/tendinitis
tenesmus,/health/tenesmus
testicle-lump,/health/testicle-lump
testicle-pain,/health/testicle-pain
thyroid-nodule,/health/thyroid-nodule
tinnitus,/health/tinnitus
tips-for-getting-the-sleep-you-need,/hlc/tips-for-getting-the-sleep-you-need
tired,/hlc/tired
tongue-inflammation,/health/tongue-problems
tooth-decay,/health/dental-oral-health-cavities
toothaches,/health/toothaches
tremor,/health/tremor
trismus-pseudocamptodactyly-syndrome,/health/trismus-pseudocamptodactyly-syndrome
unable-to-concentrate,/health/unable-to-concentrate
unable-to-control-emotions,/health/unable-to-control-emotions
unable-to-concentrate,/hlc/unable-to-concentrate
unable-to-control-emotions,/hlc/unable-to-control-emotions
uncontrollable-or-involuntary-movements,/health/movement-uncontrollable
uncontrolled-or-slow-movement-(dystonia),/health/movement-uncontrolled-or-slow
uncoordinated-movement,/health/movement-uncoordinated
undescended-testicle,/health/undescended-testicle
unintentional-weight-gain,/health/weight-gain-unintentional
unsteady-gait,/hlc/unsteady-gait
urinary-incontinence,/health/urinary-incontinence
urine-bloody,/health/urine-bloody
vaginal-bleeding-between-periods,/health/vaginal-bleeding-between-periods
vaginal-discharge,/health/vaginal-discharge
vaginal-dryness-alternative-treatments,/health/vaginal-dryness-alternative-treatments
vaginal-itching,/health/vaginal-itching
vaginal-pain,/health/vaginal-pain
vertigo-and-vertigo-associated-disorders,/health/vertigo
virilization,/health/virilization
visual-impairment,/health/visual-disturbances
vomiting,/health/vomiting
vomiting-blood,/health/vomiting-blood
nasal-congestion,/health/nasal-congestion
nasal-flaring,/health/nasal-flaring
nausea-&-vomitting,/health/nausea-and-vomiting
neck-lump,/health/neck-lump
neck-pain,/health/neck-pain
night-blindness,/health/vision-night-blindness
nightmares,/health/nightmares
no-menstruation-(absent-menstruation),/health/menstruation-absent
nose-injury,/health/nosebleed
numbness-and-tingling,/health/numbness-and-tingling
numbness-of-foot,/hlc/numbness-of-foot
numbness-of-limbs,/hlc/numbness-of-limbs
nystagmus,/health/nystagmus
nsteady-gait,/health/unsteady-gait
yellow-eyes,/health/yellow-eyes
yellow-skin-(jaundice),/health/jaundice-yellow-skin
yellow-eyes,/hlc/yellow-eyes